<?xml version="1.0" encoding="utf-8"?>
<manifest appKey="1323324720" version="1.0">
	<pages>
		<page default="true" launchMode="singleTask">qap://index.js</page>

		<page launchMode="singleTask">qap://dialog.js</page>
		<page launchMode="singleTask">qap://tabbar.js</page>
		<page launchMode="singleTask">qap://input.js</page>
		<page launchMode="singleTask">qap://tab.js</page>
		<page launchMode="singleTask">qap://tabbar.js</page>
		<page launchMode="singleTask">qap://text.js</page>
		<page launchMode="singleTask">qap://tabbarmix.js</page>
		<page launchMode="singleTask">qap://slider.js</page>
		<page launchMode="singleTask">qap://modal.js</page>
		<page launchMode="singleTask">qap://radio.js</page>
		<page launchMode="singleTask">qap://button.js</page>
		<page launchMode="singleTask">qap://listview.js</page>
		<page launchMode="singleTask">qap://navigator.js</page>
		<page launchMode="singleTask">qap://scrollview.js</page>
		<page launchMode="singleTask">qap://scrollabletab.js</page>
		<page launchMode="singleTask">qap://tabtop.js</page>
		<page launchMode="singleTask">qap://view.js</page>
		<page launchMode="singleTask">qap://image.js</page>
		<page launchMode="singleTask">qap://switch.js</page>
		<page launchMode="singleTask">qap://grid.js</page>
		<page launchMode="singleTask">qap://feedback.js</page>
		<page launchMode="singleTask">qap://numberpicker.js</page>
		<page launchMode="singleTask">qap://ajax.js</page>
		<page launchMode="singleTask">qap://icon.js</page>
		<page launchMode="singleTask">qap://flexbox.js</page>
		<page launchMode="singleTask">qap://nativetabbar.js</page>
		<page launchMode="singleTask">qap://tabbarembed.js</page>
		<page launchMode="singleTask">qap://tabbarmixembed.js</page>
		<page launchMode="singleTask">qap://picker.js</page>
		<page launchMode="singleTask">qap://textinput.js</page>
	</pages>
</manifest>